id,patient_name,department,event,timestamp
A9002,محمد أحمد,الباطنة,نتيجة التحليل جاهزة,2025-09-24T14:10:00+03:01
A9003,محمد أحمد,الباطنة,نتيجة التحليل جاهزة,2025-09-24T14:10:00+03:01
A9004,محمد أحمد,الباطنة,نتيجة التحليل جاهزة,2025-09-24T14:10:00+03:00
A9005,محمد أحمد,الباطنة,نتيجة التحليل جاهزة,2025-09-24T14:10:00+03:00
A9006,محمد أحمد,الباطنة,نتيجة التحليل جاهزة,2025-09-24T14:10:00+03:02
A9007,محمد أحمد,الباطنة,نتيجة التحليل جاهزة,2025-09-24T14:10:00+03:03
A9008,محمد أحمد,الباطنة,نتيجة التحليل جاهزة,2025-09-24T14:10:00+03:00
A9009,محمد أحمد,الباطنة,نتيجة التحليل جاهزة,2025-09-24T14:10:00+03:10
A9010,محمد أحمد,الباطنة,نتيجة التحليل جاهزة,2025-09-24T14:10:00+03:10
